{"cameraMode":{"drawMode":0,"name":"Shaded","section":"Shading Mode"},"sceneLighting":true,"audioPlay":false,"sceneViewState":{"m_AlwaysRefresh":false,"showFog":true,"showSkybox":true,"showFlares":true,"showImageEffects":true,"showParticleSystems":true,"showVisualEffectGraphs":true,"m_FxEnabled":true},"in2DMode":false,"pivot":{"x":665.7346801757813,"y":207.48365783691407,"z":-799.6564331054688},"rotation":{"x":-0.006195366382598877,"y":0.9908340573310852,"z":-0.12582175433635713,"w":-0.04878765717148781},"size":857.0858764648438,"orthographic":false}