{"cameraMode":{"drawMode":0,"name":"Shaded","section":"Shading Mode"},"sceneLighting":true,"audioPlay":false,"sceneViewState":{"m_AlwaysRefresh":false,"showFog":true,"showSkybox":true,"showFlares":true,"showImageEffects":true,"showParticleSystems":true,"showVisualEffectGraphs":true,"m_FxEnabled":true},"in2DMode":false,"pivot":{"x":434.8360290527344,"y":323.3739318847656,"z":649.9993286132813},"rotation":{"x":0.027304822579026223,"y":-0.01050038542598486,"z":0.0002868006704375148,"w":0.9995723366737366},"size":857.0858764648438,"orthographic":false}