{"cameraMode":{"drawMode":0,"name":"Shaded","section":"Shading Mode"},"sceneLighting":true,"audioPlay":false,"sceneViewState":{"m_AlwaysRefresh":false,"showFog":true,"showSkybox":true,"showFlares":true,"showImageEffects":true,"showParticleSystems":true,"showVisualEffectGraphs":true,"m_FxEnabled":true},"in2DMode":false,"pivot":{"x":147.95921325683595,"y":72.6958236694336,"z":-258.0086364746094},"rotation":{"x":-0.03901985287666321,"y":-0.11902844160795212,"z":0.004681115970015526,"w":-0.9921212792396545},"size":10.449999809265137,"orthographic":false}